clustered_label,0,1,2,3,4,5
550,0.0,0.0,0.0,1.0,2.2407407407407405,1.8125
550,0.0,0.0,0.0,3.0,11.24074074074074,4.8125
550,0.0,0.0,0.0,3.0,12.24074074074074,6.8125
550,0.0,0.0,0.0,2.0,3.2407407407407405,2.8125
550,1.0,0.0,0.0,2.0,2.2407407407407405,1.8125
550,0.0,0.0,0.0,1.0,2.2407407407407405,1.8125
550,0.0,0.0,0.0,15.0,4.2407407407407405,11.8125
550,0.0,0.0,0.0,20.0,5.2407407407407405,13.8125
550,0.0,0.0,0.0,21.0,5.2407407407407405,13.8125
550,0.0,0.0,0.0,0.0,14.24074074074074,8.8125
